zipcode,lat,lon
06390,41.273579999999995,-71.969009
10001,40.750633,-73.99717700000001
10002,40.715775,-73.986212
10003,40.731829,-73.989181
10004,40.688629999999996,-74.018244
10005,40.706027,-74.00883499999999
10006,40.709614,-74.01295400000001
10007,40.713848,-74.007755
10009,40.726399,-73.97863100000001
10010,40.739065000000004,-73.98225500000001
10011,40.742039,-74.00062
10012,40.725581,-73.998078
10013,40.720103,-74.004903
10014,40.734012,-74.00674599999999
10016,40.745224,-73.978297
10017,40.752359999999996,-73.972493
10018,40.755319,-73.993114
10019,40.765823,-73.987169
10020,40.758236,-73.978833
10021,40.769258,-73.958751
10022,40.758628,-73.96794799999999
10023,40.775921000000004,-73.982607
10024,40.798452000000005,-73.974428
10025,40.798601,-73.966622
10026,40.802381,-73.95268100000001
10027,40.811407,-73.95306
10028,40.776441,-73.953509
10029,40.791763,-73.94397
10030,40.818267,-73.942856
10031,40.825288,-73.95004499999999
10032,40.838815000000004,-73.942836
10033,40.850545000000004,-73.933983
10034,40.867076000000004,-73.924312
10035,40.795455,-73.92965500000001
10036,40.75926,-73.98986
10037,40.812957,-73.937376
10038,40.709278000000005,-74.002562
10039,40.830867,-73.93621800000001
10040,40.858305,-73.930549
10044,40.761915,-73.949962
10065,40.764612,-73.963122
10069,40.775906,-73.990358
10075,40.773361,-73.956216
10103,40.76078,-73.97766999999999
10110,40.754498999999996,-73.982256
10119,40.75031,-73.992979
10128,40.781432,-73.950013
10162,40.7693,-73.949915
10165,40.752131,-73.97872199999999
10170,40.752625,-73.975877
10171,40.755899,-73.97385799999999
10173,40.754131,-73.979364
10199,40.751393,-73.997229
10280,40.708538,-74.01665
10282,40.716921,-74.015066
10301,40.627456,-74.09440699999999
10302,40.630688,-74.137776
10303,40.629884999999994,-74.17413
10304,40.609227000000004,-74.092575
10305,40.596691,-74.074866
10306,40.571768,-74.12595
10307,40.509183,-74.237785
10308,40.551884,-74.147646
10309,40.531346,-74.21985699999999
10310,40.632647999999996,-74.116148
10312,40.545237,-74.18044300000001
10314,40.599263,-74.165748
10451,40.820479,-73.925084
10452,40.837393,-73.92343699999999
10453,40.852779,-73.91233199999999
10454,40.805489,-73.916585
10455,40.81471,-73.90859300000001
10456,40.829881,-73.90812
10457,40.84715,-73.89868
10458,40.862543,-73.888143
10459,40.825866999999995,-73.892942
10460,40.841758,-73.879571
10461,40.847381,-73.84058399999999
10462,40.84328,-73.860389
10463,40.880678,-73.90654
10464,40.867787,-73.79992
10465,40.822615,-73.822239
10466,40.890964000000004,-73.846239
10467,40.869953,-73.865746
10468,40.868093,-73.89973
10469,40.868607,-73.84813299999999
10470,40.88953,-73.872662
10471,40.898868,-73.903328
10472,40.829556,-73.869336
10473,40.818690000000004,-73.858474
10474,40.810549,-73.884367
10475,40.875169,-73.823817
10501,41.295608,-73.75849000000001
10502,41.011602,-73.841433
10503,41.026556,-73.87531
10504,41.128468,-73.707521
10505,41.34209,-73.745449
10506,41.190395,-73.63914399999999
10507,41.227896,-73.686047
10509,41.410855,-73.59434
10510,41.139472,-73.835704
10511,41.265428,-73.94319200000001
10512,41.457619,-73.72460799999999
10514,41.172153,-73.769196
10516,41.461974,-73.87490799999999
10517,41.298243,-73.861993
10518,41.266143,-73.588296
10519,41.352346000000004,-73.652662
10520,41.226478,-73.86778699999999
10522,41.01031,-73.86374599999999
10523,41.059340999999996,-73.819457
10524,41.375325,-73.92621700000001
10526,41.288102,-73.668835
10527,41.321183000000005,-73.769878
10528,40.975049,-73.724925
10530,41.023711999999996,-73.81281
10532,41.099278000000005,-73.800327
10533,41.036927,-73.854864
10535,41.335169,-73.79391899999999
10536,41.269098,-73.688694
10537,41.33974,-73.882349
10538,40.937752,-73.756473
10541,41.381113,-73.751935
10543,40.952693,-73.73604
10545,41.178591,-73.83545
10546,41.195609000000005,-73.801126
10547,41.313334000000005,-73.846039
10548,41.245696,-73.93297700000001
10549,41.200584,-73.723465
10550,40.905448,-73.83525300000001
10552,40.924459999999996,-73.826115
10553,40.908584000000005,-73.821652
10560,41.340527,-73.59760899999999
10562,41.19448,-73.825254
10566,41.289483000000004,-73.916847
10567,41.2896,-73.897001
10570,41.130067,-73.78667
10573,41.015857000000004,-73.67740400000001
10576,41.221577,-73.57233199999999
10577,41.038367,-73.711114
10578,41.320276,-73.678991
10579,41.395364,-73.839053
10580,40.979048999999996,-73.693202
10583,40.988682,-73.789204
10588,41.336622999999996,-73.82000699999999
10589,41.334143,-73.714634
10590,41.255269,-73.539404
10591,41.090097,-73.841014
10594,41.113425,-73.774292
10595,41.085896999999996,-73.782645
10596,41.256258,-73.959177
10597,41.293021,-73.596568
10598,41.288222999999995,-73.792203
10601,41.032932,-73.76507099999999
10603,41.0544,-73.779287
10604,41.071512,-73.747093
10605,41.010525,-73.745125
10606,41.020571999999994,-73.775846
10607,41.039089000000004,-73.811368
10701,40.94542,-73.880471
10703,40.959829,-73.880302
10704,40.919729,-73.862651
10705,40.919705,-73.889928
10706,40.989821,-73.867552
10707,40.960533,-73.82273199999999
10708,40.938266999999996,-73.829922
10709,40.954634999999996,-73.808184
10710,40.967157,-73.846339
10801,40.91757,-73.784858
10803,40.900458,-73.807138
10804,40.946841,-73.788051
10805,40.897721000000004,-73.779258
10901,41.140772,-74.10497600000001
10910,41.28157,-74.137958
10911,41.319158,-74.00815899999999
10913,41.068258,-73.954975
10914,41.417716999999996,-74.200026
10915,41.545359000000005,-74.359321
10916,41.442343,-74.250577
10917,41.319571999999994,-74.117639
10918,41.344192,-74.26217700000001
10919,41.525959,-74.387618
10920,41.156495,-73.938239
10921,41.332065,-74.363422
10922,41.33276,-73.996452
10923,41.203121,-74.002263
10924,41.381005,-74.352471
10925,41.198181,-74.314759
10926,41.301846000000005,-74.11976
10927,41.191052,-73.967562
10928,41.34897,-73.99849499999999
10930,41.366224,-74.121236
10931,41.148792,-74.162522
10932,41.48216,-74.464285
10933,41.368021,-74.512999
10940,41.446544,-74.478741
10941,41.487318,-74.344437
10950,41.317346,-74.199881
10952,41.111118,-74.07854
10953,41.404964,-74.077432
10954,41.098819,-74.013262
10956,41.157191,-73.993416
10958,41.371913,-74.432479
10960,41.092068,-73.924648
10962,41.050065999999994,-73.958585
10963,41.463529,-74.543423
10964,41.016203999999995,-73.914304
10965,41.061561,-74.007832
10968,41.037017,-73.92125899999999
10969,41.294859,-74.488006
10970,41.180177,-74.102175
10973,41.380516,-74.480462
10974,41.168058,-74.178013
10975,41.267078999999995,-74.172263
10976,41.02296,-73.928488
10977,41.11892,-74.048158
10979,41.182829999999996,-74.314921
10980,41.238822,-74.050163
10983,41.031088000000004,-73.947703
10984,41.202903000000006,-74.022265
10985,41.583519,-74.373188
10986,41.285235,-73.99871
10987,41.186927000000004,-74.23735
10988,41.302081,-74.548556
10989,41.122955,-73.93803100000001
10990,41.267448,-74.364011
10992,41.426089000000005,-74.164664
10993,41.209896,-73.973842
10994,41.098071999999995,-73.972649
10996,41.3937,-73.972175
10998,41.324076,-74.541179
11001,40.723317,-73.704949
11003,40.699176,-73.70616600000001
11004,40.746204,-73.711478
11005,40.756596,-73.714178
11010,40.700587,-73.67501800000001
11020,40.771442,-73.71481899999999
11021,40.784319,-73.731488
11023,40.798909,-73.733653
11024,40.816251,-73.74287199999999
11030,40.793409000000004,-73.688549
11040,40.745346999999995,-73.68029200000001
11042,40.758534000000004,-73.69723499999999
11050,40.8399,-73.693124
11096,40.621346,-73.75699
11101,40.747155,-73.93975
11102,40.772884000000005,-73.926295
11103,40.762574,-73.91344699999999
11104,40.744634000000005,-73.920201
11105,40.778877,-73.906769
11106,40.762211,-73.931528
11109,40.745115000000006,-73.956928
11201,40.693682,-73.989693
11203,40.649591,-73.934371
11204,40.618778999999996,-73.984826
11205,40.694696,-73.966286
11206,40.701954,-73.942358
11207,40.670747,-73.894209
11208,40.669769,-73.871372
11209,40.621982,-74.030324
11210,40.628147,-73.946324
11211,40.712596999999995,-73.953098
11212,40.662936,-73.91302900000001
11213,40.671078,-73.936336
11214,40.599148,-73.99609
11215,40.662688,-73.98674
11216,40.680768,-73.94931600000001
11217,40.682306,-73.978099
11218,40.643468,-73.976046
11219,40.632667,-73.996669
11220,40.641221,-74.016862
11221,40.691340000000004,-73.927879
11222,40.72779,-73.94760500000001
11223,40.597139,-73.973428
11224,40.577372,-73.98870600000001
11225,40.663046,-73.954219
11226,40.646448,-73.956649
11228,40.616695,-74.013047
11229,40.601293,-73.94449300000001
11230,40.622164,-73.96510500000001
11231,40.677915999999996,-74.005154
11232,40.656546,-74.007355
11233,40.678308,-73.91993599999999
11234,40.60508,-73.911721
11235,40.583949,-73.949096
11236,40.639413,-73.900664
11237,40.704159999999995,-73.921139
11238,40.679171000000004,-73.96380400000001
11239,40.647735,-73.87947700000001
11354,40.768208,-73.827403
11355,40.751452,-73.821031
11356,40.78485,-73.841279
11357,40.786393,-73.810864
11358,40.760471,-73.796371
11360,40.780378999999996,-73.78123000000001
11361,40.764191,-73.772775
11362,40.756574,-73.737845
11363,40.772616,-73.746526
11364,40.745289,-73.760586
11365,40.739634,-73.79449
11366,40.728152,-73.78501899999999
11367,40.730145,-73.82703000000001
11368,40.751718,-73.851822
11369,40.763365,-73.872374
11370,40.765392999999996,-73.893243
11372,40.75169,-73.883638
11373,40.738837,-73.878535
11374,40.726418,-73.861526
11375,40.720934,-73.846151
11377,40.744819,-73.905156
11378,40.724744,-73.909639
11379,40.716747999999995,-73.879601
11385,40.700671,-73.889433
11411,40.694021,-73.736216
11412,40.698095,-73.758986
11413,40.671659000000005,-73.75256800000001
11414,40.657604,-73.84480400000001
11415,40.707917,-73.828212
11416,40.684653999999995,-73.849548
11417,40.676446,-73.844443
11418,40.700272,-73.835971
11419,40.688673,-73.822918
11420,40.673583,-73.81773000000001
11421,40.694062,-73.858626
11422,40.660059999999994,-73.736012
11423,40.715606,-73.76847099999999
11426,40.736425,-73.722376
11427,40.730903999999995,-73.745661
11428,40.721016,-73.742245
11429,40.709765999999995,-73.738653
11430,40.646964000000004,-73.784813
11432,40.715359,-73.793071
11433,40.698161999999996,-73.786893
11434,40.676808,-73.776425
11435,40.701265,-73.809605
11436,40.675807,-73.796622
11501,40.746286,-73.63890500000001
11507,40.770846999999996,-73.65226
11509,40.587963,-73.728528
11510,40.650127000000005,-73.607709
11514,40.749891999999996,-73.612477
11516,40.625787,-73.726685
11518,40.637471999999995,-73.66680699999999
11520,40.649401,-73.582951
11530,40.726853999999996,-73.63700899999999
11542,40.872605,-73.628622
11545,40.826321,-73.589365
11547,40.83367,-73.642687
11548,40.812868,-73.62740500000001
11549,40.717289,-73.602775
11550,40.701475,-73.62110799999999
11552,40.692979,-73.652416
11553,40.70643,-73.591622
11554,40.720115,-73.558861
11556,40.719678,-73.58386
11557,40.637176000000004,-73.691976
11558,40.605357,-73.649046
11559,40.603733,-73.717352
11560,40.880757,-73.588724
11561,40.589081,-73.648178
11563,40.657253000000004,-73.67371800000001
11565,40.675061,-73.671667
11566,40.663194,-73.554014
11568,40.786929,-73.59649
11569,40.589785,-73.582303
11570,40.666066,-73.638409
11572,40.631772,-73.636624
11575,40.680422,-73.584877
11576,40.798032,-73.647275
11577,40.783264,-73.63887700000001
11579,40.844015999999996,-73.644006
11580,40.6749,-73.70215400000001
11581,40.651028000000004,-73.715325
11590,40.755182,-73.574338
11596,40.759667,-73.642309
11598,40.630935,-73.712339
11691,40.601278,-73.761651
11692,40.594095,-73.792896
11693,40.590692,-73.809749
11694,40.57827,-73.844762
11697,40.555688,-73.920663
11701,40.682453,-73.414381
11702,40.650696999999994,-73.262218
11703,40.732671,-73.32500999999999
11704,40.717504,-73.358203
11705,40.743277,-73.055841
11706,40.722537,-73.252183
11709,40.906313,-73.55824399999999
11710,40.671972,-73.531972
11713,40.776095,-72.942821
11714,40.742563,-73.486073
11715,40.751006,-73.03487700000001
11716,40.776692,-73.134854
11717,40.783805,-73.252263
11718,40.716435,-73.261514
11719,40.782153,-72.912104
11720,40.870331,-73.082113
11721,40.902425,-73.371427
11722,40.78305,-73.194916
11724,40.864221,-73.45638100000001
11725,40.840492,-73.280815
11726,40.678789,-73.395729
11727,40.882059999999996,-73.004009
11729,40.761136,-73.32526
11730,40.717436,-73.17022
11731,40.862623,-73.316937
11732,40.844738,-73.536885
11733,40.940234999999994,-73.11278
11735,40.732746999999996,-73.432789
11738,40.838198999999996,-73.038213
11739,40.736135,-73.16125100000001
11740,40.865398,-73.361296
11741,40.794895000000004,-73.070328
11742,40.810067,-73.041404
11743,40.883410999999995,-73.423556
11746,40.814268,-73.362276
11747,40.788403,-73.40739599999999
11749,40.806740000000005,-73.17090300000001
11751,40.730486,-73.213924
11752,40.757114,-73.174012
11753,40.789713,-73.539899
11754,40.885566,-73.249901
11755,40.857817,-73.116844
11756,40.724512,-73.516326
11757,40.689009999999996,-73.373328
11758,40.668934,-73.458448
11762,40.682744,-73.446664
11763,40.826582,-72.98405
11764,40.938992999999996,-72.979047
11765,40.882186,-73.558941
11766,40.939219,-73.01866600000001
11767,40.842949,-73.145216
11768,40.923631,-73.339309
11769,40.734348,-73.125025
11770,40.645842,-73.156596
11771,40.872799,-73.52502
11772,40.76178,-72.98740699999999
11776,40.913615,-73.046398
11777,40.956068,-73.066659
11778,40.948046000000005,-72.937093
11779,40.812958,-73.11449
11780,40.909287,-73.174729
11782,40.738088,-73.08166999999999
11783,40.677611999999996,-73.490014
11784,40.868922999999995,-73.04121500000001
11786,40.950485,-72.886658
11787,40.852924,-73.21126
11788,40.818088,-73.21320899999999
11789,40.962028000000004,-72.971008
11790,40.905957,-73.127374
11791,40.828288,-73.505922
11792,40.954997,-72.825588
11793,40.651288,-73.514726
11794,40.91336,-73.124883
11795,40.709005,-73.296337
11796,40.731246,-73.099419
11797,40.820208,-73.47245
11798,40.752599,-73.378743
11801,40.762304,-73.524452
11803,40.7817,-73.473035
11804,40.759009999999996,-73.45738399999999
11901,40.926901,-72.643499
11930,40.989988000000004,-72.099587
11931,40.934273,-72.612403
11932,40.934313,-72.30661500000001
11933,40.942231,-72.765594
11934,40.798359000000005,-72.794297
11935,41.021223,-72.486958
11937,41.013013,-72.168912
11939,41.123115999999996,-72.31535
11940,40.813171000000004,-72.752002
11941,40.83016,-72.729761
11942,40.850303000000004,-72.581827
11944,41.10403,-72.37154100000001
11946,40.87027,-72.521704
11947,40.950659,-72.571053
11948,40.963640000000005,-72.553489
11949,40.866503,-72.804643
11950,40.808032,-72.84701
11951,40.763164,-72.830344
11952,41.001647999999996,-72.547599
11953,40.892505,-72.951172
11954,41.047565000000006,-71.946386
11955,40.809133,-72.816101
11956,40.969049,-72.462175
11957,41.192201000000004,-72.14896800000001
11958,41.039066999999996,-72.46441899999999
11959,40.822586,-72.601345
11960,40.810615000000006,-72.706062
11961,40.905139,-72.888349
11962,40.930895,-72.26871899999999
11963,40.993155,-72.319664
11964,41.055827,-72.319034
11965,41.096081,-72.2884
11967,40.794778,-72.875477
11968,40.905925,-72.415662
11970,40.938952,-72.577539
11971,41.064037,-72.430926
11972,40.847825,-72.702889
11973,40.867173,-72.88212299999999
11975,40.941107,-72.244466
11976,40.922393,-72.35070400000001
11977,40.827467,-72.678983
11978,40.826322999999995,-72.649008
11980,40.831296,-72.923154
12007,42.455665,-73.927143
12008,42.853488,-73.90653499999999
12009,42.697722999999996,-74.03535
12010,42.937632,-74.173325
12015,42.294057,-73.82511600000001
12017,42.32111,-73.455997
12018,42.628833,-73.520771
12019,42.934351,-73.88180799999999
12020,43.001589,-73.868123
12022,42.656951,-73.333851
12023,42.598558000000004,-74.183022
12024,42.476788,-73.533278
12025,43.083346,-74.138092
12027,42.935415,-73.907815
12028,42.934442,-73.442269
12029,42.41595,-73.424961
12031,42.766038,-74.451615
12032,43.124008,-74.52507
12033,42.543138,-73.705499
12035,42.730427,-74.35922099999999
12036,42.541514,-74.673053
12037,42.344725,-73.567126
12040,42.63735,-73.350721
12041,42.577943,-73.95266
12042,42.416517999999996,-73.93820600000001
12043,42.69397,-74.530506
12045,42.482555,-73.80053199999999
12046,42.507517,-73.92562099999999
12047,42.784054,-73.726219
12051,42.345521999999995,-73.842543
12052,42.75447,-73.478427
12053,42.757544,-74.190867
12054,42.608546999999994,-73.864416
12056,42.764784999999996,-74.09515
12057,42.968892,-73.346287
12058,42.34442,-73.917635
12059,42.619223,-74.06088100000001
12060,42.410631,-73.505286
12061,42.599312,-73.657175
12062,42.538976,-73.504976
12063,42.568163,-73.638051
12064,42.614166,-74.65571899999999
12065,42.852284000000004,-73.785597
12066,42.790105,-74.352762
12067,42.557460999999996,-73.920294
12068,42.956069,-74.401829
12069,42.946036,-74.279938
12070,42.986058,-74.263032
12071,42.552657,-74.422661
12072,42.884893,-74.356737
12074,43.054217,-74.030006
12075,42.299921999999995,-73.633627
12076,42.410272,-74.39573399999999
12077,42.588163,-73.777694
12078,43.134351,-74.339632
12083,42.424859000000005,-74.02650899999999
12084,42.704669,-73.899364
12085,42.703313,-73.963261
12086,43.009005,-74.086332
12087,42.43225,-73.892894
12089,42.867492999999996,-73.312753
12090,42.876802000000005,-73.351525
12092,42.696079,-74.378715
12093,42.497791,-74.628105
12094,42.899423,-73.49005799999999
12095,43.024817,-74.40381500000001
12106,42.389554,-73.710951
12108,43.573248,-74.451487
12110,42.750578000000004,-73.77611800000001
12115,42.477301000000004,-73.5767
12116,42.538795,-74.911164
12117,43.167142999999996,-74.261237
12118,42.909321000000006,-73.71308499999999
12120,42.449723999999996,-74.148844
12121,42.839897,-73.607392
12122,42.54202,-74.326145
12123,42.547343,-73.59830600000001
12124,42.453111,-73.79758100000001
12125,42.484747999999996,-73.39984399999999
12130,42.442223,-73.65938
12131,42.453371000000004,-74.463913
12132,42.470521000000005,-73.630031
12134,43.269201,-74.228185
12136,42.420119,-73.565108
12137,42.860334,-74.133072
12138,42.748836,-73.370379
12139,43.500221,-74.579544
12140,42.696684000000005,-73.540064
12143,42.489818,-73.855238
12144,42.627836,-73.717842
12147,42.518611,-74.15884
12148,42.827793,-73.848164
12149,42.616654,-74.563446
12150,42.880523,-74.052689
12151,42.922697,-73.787225
12153,42.629923,-73.473341
12154,42.937459999999994,-73.605775
12155,42.596357,-74.82765500000001
12156,42.483503999999996,-73.747254
12157,42.669798,-74.286077
12158,42.542158,-73.822091
12159,42.651428,-73.885894
12160,42.761621000000005,-74.383152
12161,42.534769,-73.854863
12164,43.578133,-74.359045
12165,42.306135999999995,-73.504114
12166,42.833587,-74.445509
12167,42.424942,-74.578036
12168,42.560862,-73.380714
12169,42.592887,-73.448036
12170,43.001956,-73.667271
12172,42.288764,-73.739212
12173,42.380013,-73.75966
12174,42.353449,-73.728436
12175,42.544369,-74.55622
12176,42.382017,-73.980862
12177,42.950952,-74.28726
12180,42.748588,-73.599536
12182,42.799699,-73.630864
12183,42.74787,-73.692595
12184,42.419893,-73.653359
12185,42.862521,-73.554112
12186,42.633164,-73.977188
12187,42.618840000000006,-74.463554
12188,42.821216,-73.695525
12189,42.736340999999996,-73.71752099999999
12190,43.475631,-74.28541
12192,42.409034999999996,-73.82767700000001
12193,42.52276,-74.04326800000001
12194,42.528462,-74.447631
12195,42.482789000000004,-73.475088
12196,42.631786,-73.613946
12197,42.609999,-74.724749
12198,42.672768,-73.633574
12202,42.635575,-73.759658
12203,42.681048,-73.84698
12204,42.691517,-73.73375
12205,42.718785,-73.82924
12206,42.674514,-73.782733
12207,42.658398,-73.745952
12208,42.653031,-73.809978
12209,42.638686,-73.79046899999999
12210,42.659502,-73.756237
12211,42.703095000000005,-73.763706
12222,42.685261,-73.82323000000001
12302,42.878182,-73.982505
12303,42.740387,-73.90539799999999
12304,42.77469,-73.898297
12305,42.811981,-73.950252
12306,42.805429,-74.044227
12307,42.804981,-73.932822
12308,42.82098,-73.91967
12309,42.79983,-73.864972
12401,41.987541,-74.010273
12404,41.818958,-74.236082
12405,42.317909,-74.085995
12406,42.079943,-74.52409300000001
12407,42.317638,-74.358152
12409,42.040569,-74.181139
12410,42.066096,-74.42473199999999
12411,41.876019,-74.044802
12412,42.012732,-74.279585
12413,42.313984000000005,-74.02216
12414,42.232019,-73.91386700000001
12416,42.10304,-74.281552
12417,41.906422,-73.990723
12418,42.358758,-74.16168
12419,41.860252,-74.102007
12420,41.672466,-74.37155899999999
12421,42.250044,-74.546139
12422,42.391829,-74.213288
12423,42.379218,-74.109746
12424,42.247617,-74.115847
12427,42.134238,-74.136736
12428,41.746858,-74.466143
12429,41.833329,-73.985378
12430,42.200758,-74.49916
12431,42.362023,-74.023533
12432,42.04442,-73.94453100000001
12433,42.000640999999995,-74.156576
12434,42.363640000000004,-74.502385
12435,41.7308,-74.51335999999999
12436,42.195759,-74.077821
12438,42.204899,-74.60100600000001
12439,42.277817,-74.21039
12440,41.781151,-74.172876
12441,42.134422,-74.509215
12442,42.182411,-74.22299100000001
12443,41.934991,-74.084925
12444,42.264233000000004,-74.29751999999999
12446,41.809559,-74.32644300000001
12448,42.086646,-74.16066
12449,41.992378,-73.993774
12450,42.133247,-74.244279
12451,42.304893,-73.948176
12452,42.252385,-74.364938
12453,42.093389,-73.93628100000001
12454,42.286970000000004,-74.14954200000001
12455,42.140733000000004,-74.65947800000001
12456,42.032705,-73.99713299999999
12457,42.044071,-74.252501
12458,41.822918,-74.43208
12459,42.240382000000004,-74.678893
12460,42.415615,-74.14759000000001
12461,41.904961,-74.26799799999999
12463,42.205517,-74.02042800000001
12464,42.023540000000004,-74.367292
12465,42.157153,-74.46001600000001
12466,41.904345,-73.979025
12468,42.300461999999996,-74.423763
12469,42.448595000000005,-74.24609699999999
12470,42.299624,-74.09338699999999
12471,41.843871,-74.041344
12472,41.84709,-74.079545
12473,42.258165999999996,-74.041007
12474,42.323807,-74.583034
12475,42.015237,-74.01543199999999
12477,42.092591,-73.98810999999999
12480,42.135382,-74.391275
12481,41.987348,-74.228435
12482,42.268143,-73.955446
12483,41.672377000000004,-74.421991
12484,41.861918,-74.176528
12485,42.205023,-74.144201
12486,41.832417,-74.06398399999999
12487,41.869399,-73.998805
12489,41.750485,-74.358293
12490,42.122854,-73.924476
12491,41.965192,-74.141459
12492,42.184926000000004,-74.335763
12493,41.785665,-73.974132
12494,41.956598,-74.29289399999999
12495,42.084922999999996,-74.24068
12496,42.337294,-74.269692
12498,42.045663,-74.10961800000001
12501,41.863095,-73.573627
12502,42.086568,-73.66472399999999
12503,42.035959000000005,-73.580146
12504,42.035298,-73.91314399999999
12507,42.009240999999996,-73.917141
12508,41.495996000000005,-73.953632
12512,41.548499,-73.968402
12513,42.219307,-73.720481
12514,41.877409,-73.764423
12515,41.684774,-74.06484
12516,42.106275,-73.563583
12517,42.114296,-73.50745400000001
12518,41.416157,-74.043064
12520,41.428017,-73.996195
12521,42.171335,-73.650487
12522,41.719978999999995,-73.598384
12523,42.086870000000005,-73.759509
12524,41.528785,-73.888317
12525,41.691564,-74.188272
12526,42.122234000000006,-73.858769
12527,41.519428000000005,-73.93566899999999
12528,41.722054,-74.00948199999999
12529,42.198626000000004,-73.542777
12530,42.207459,-73.687752
12531,41.540556,-73.67167099999999
12533,41.559771999999995,-73.787099
12534,42.217345,-73.752256
12538,41.792229999999996,-73.89376700000001
12540,41.671202,-73.724891
12542,41.613876,-74.01501400000001
12543,41.49552,-74.17310400000001
12545,41.782903999999995,-73.669402
12546,41.948,-73.523349
12547,41.660687,-73.98656700000001
12548,41.658064,-74.102416
12549,41.528031,-74.259365
12550,41.539574,-74.057223
12553,41.455714,-74.074901
12561,41.759307,-74.096058
12563,41.499189,-73.587226
12564,41.582614,-73.582577
12565,42.247128000000004,-73.647638
12566,41.633519,-74.319661
12567,41.986194,-73.642216
12569,41.734556,-73.792835
12570,41.626321000000004,-73.675662
12571,42.002775,-73.809608
12572,41.924884999999996,-73.863664
12574,41.917688,-73.945658
12575,41.466705,-74.178871
12577,41.424040000000005,-74.12214200000001
12578,41.80912,-73.795854
12580,41.863651000000004,-73.87153599999999
12581,41.901615,-73.700592
12582,41.544301000000004,-73.738452
12583,42.063367,-73.868652
12585,41.726403999999995,-73.69151
12586,41.562764,-74.170102
12589,41.623791,-74.158771
12590,41.592556,-73.886853
12592,41.802075,-73.578626
12594,41.684461,-73.557676
12601,41.701921,-73.911519
12603,41.675868,-73.86448399999999
12604,41.688259,-73.89217099999999
12701,41.650828999999995,-74.699907
12719,41.49825,-74.904285
12720,41.645848,-74.907849
12721,41.581723,-74.422422
12722,41.590634,-74.37430400000001
12723,41.7531,-74.98769399999999
12724,41.837621,-74.958711
12725,41.983183000000004,-74.570105
12726,41.708209000000004,-75.01720300000001
12729,41.475792,-74.623499
12732,41.551487,-74.874606
12733,41.724769,-74.617933
12734,41.734584999999996,-74.75046
12736,41.852843,-75.021754
12737,41.501481,-74.798632
12738,41.676246,-74.58621099999999
12740,41.938832,-74.434026
12741,41.839141,-75.077725
12742,41.724328,-74.723518
12743,41.548548,-74.831025
12745,41.783433,-75.024648
12746,41.442335,-74.656785
12747,41.750928,-74.692894
12748,41.774642,-74.922609
12749,41.695254,-74.841166
12750,41.727825,-74.96585400000001
12751,41.69573,-74.664485
12752,41.680039,-74.99419
12754,41.798195,-74.736889
12758,41.940283,-74.739118
12759,41.781729999999996,-74.65885300000001
12760,41.903929999999995,-75.107835
12762,41.64796,-74.792011
12763,41.676348,-74.522774
12764,41.591553000000005,-74.99555600000001
12765,41.852340999999996,-74.621165
12766,41.815208,-74.978854
12767,41.838093,-74.994415
12768,41.864443,-74.73002199999999
12769,41.657942,-74.467272
12770,41.449118,-74.843117
12771,41.37438,-74.624279
12775,41.613617,-74.59336
12776,41.963341,-74.957643
12777,41.561782,-74.70970799999999
12778,41.642678000000004,-74.81755
12779,41.702465999999994,-74.632195
12780,41.440142,-74.727343
12781,41.619673999999996,-74.466383
12783,41.738633,-74.833724
12784,41.669877,-74.63824
12785,41.532391,-74.561274
12786,41.638709999999996,-74.857609
12787,41.795394,-74.845029
12788,41.787539,-74.589314
12789,41.704524,-74.57095100000001
12790,41.592057000000004,-74.51741899999999
12791,41.817275,-74.89287
12792,41.51392,-74.95982
12801,43.31116,-73.645286
12803,43.290078,-73.629363
12804,43.340953999999996,-73.685911
12808,43.759987,-73.716438
12809,43.237078000000004,-73.45450600000001
12810,43.491968,-73.985941
12811,43.605457,-74.02833000000001
12812,43.875794,-74.389767
12814,43.631894,-73.632551
12815,43.695985,-73.66788100000001
12816,43.044236,-73.382032
12817,43.639585,-73.823628
12819,43.59087,-73.468547
12821,43.453564,-73.415995
12822,43.228584999999995,-73.922206
12823,43.179961,-73.40911700000001
12824,43.524756,-73.727177
12827,43.463898,-73.531366
12828,43.254993,-73.558355
12831,43.195329,-73.691811
12832,43.358467,-73.330271
12833,43.15,-73.840896
12834,43.094307,-73.50058299999999
12835,43.332745,-74.006336
12836,43.712353,-73.605587
12837,43.476445,-73.255601
12838,43.329063,-73.405066
12839,43.354486,-73.553953
12841,43.606007,-73.533013
12842,43.738345,-74.367058
12843,43.565104,-73.972748
12844,43.489396,-73.62119399999999
12845,43.424048,-73.71274
12846,43.345965,-73.78971999999999
12847,44.008384,-74.60923100000001
12849,43.449567,-73.29831999999999
12850,43.102616,-73.981441
12851,43.841891,-74.034467
12852,43.9358,-74.167514
12853,43.657554,-74.064187
12855,44.02701,-73.758053
12856,43.66594,-74.142961
12857,43.819563,-73.89062
12858,43.908933000000005,-73.67578
12859,43.171875,-73.920872
12860,43.755794,-73.842385
12861,43.746887,-73.417527
12862,43.685404999999996,-73.910321
12863,43.060363,-73.93190600000001
12864,43.727365,-74.305388
12865,43.214159,-73.347451
12866,43.073715,-73.740236
12870,43.830056,-73.761222
12871,43.088569,-73.612965
12872,43.874656,-73.734418
12873,43.117451,-73.311646
12874,43.690560999999995,-73.549743
12878,43.415025,-74.02745
12883,43.836596,-73.55284300000001
12884,43.088396,-73.591291
12885,43.523052,-73.806561
12886,43.683437,-73.939175
12887,43.53676,-73.365798
12901,44.704190000000004,-73.47139200000001
12903,44.680303,-73.445883
12910,44.845249,-73.619461
12911,44.521440000000005,-73.46080500000001
12912,44.480940999999994,-73.772482
12913,44.430096999999996,-74.002212
12914,44.927419,-74.602942
12916,44.834052,-74.515665
12917,44.927638,-74.17891
12918,44.700736,-73.67665699999999
12919,44.964539,-73.44708299999999
12920,44.882767,-74.066008
12921,44.888628000000004,-73.441064
12922,44.286614,-74.702114
12923,44.960319,-73.939419
12924,44.480467,-73.58108100000001
12926,44.950821000000005,-74.329
12927,44.20725,-74.80974599999999
12928,43.963837,-73.583248
12929,44.720027,-73.719234
12930,44.720458,-74.543229
12932,44.214405,-73.608948
12933,44.890994,-73.845341
12934,44.875376,-73.873665
12935,44.844657,-73.796933
12936,44.285061999999996,-73.40145
12937,44.960846999999994,-74.47845500000001
12939,44.432944,-74.160829
12941,44.347328999999995,-73.702866
12942,44.232492,-73.82682700000001
12943,44.122772,-73.8835
12944,44.433105,-73.533248
12945,44.309090999999995,-74.24044
12946,44.206554,-74.046061
12950,44.318369,-73.581246
12952,44.70832,-73.90566
12953,44.745352000000004,-74.260037
12955,44.80665,-73.970421
12956,44.097612,-73.48133299999999
12957,44.848324,-74.574605
12958,44.960295,-73.571184
12959,44.952351,-73.719912
12960,44.015756,-73.572348
12961,44.057111,-73.549539
12962,44.701391,-73.605439
12964,44.125919,-73.62672099999999
12965,44.703456,-74.685289
12966,44.798893,-74.418686
12967,44.774921,-74.657566
12969,44.710896999999996,-74.09815
12970,44.478136,-74.307514
12972,44.554081,-73.569296
12973,44.287677,-74.594706
12974,44.060140999999994,-73.464831
12975,44.529090999999994,-73.430536
12976,44.503733000000004,-74.230251
12977,44.277015000000006,-74.072971
12978,44.61636,-73.80870999999999
12979,44.991657000000004,-73.373374
12980,44.563851,-74.524079
12981,44.627099,-73.845851
12983,44.307528999999995,-74.14702199999999
12985,44.560709,-73.738967
12986,44.226011,-74.48093100000001
12987,44.320840999999994,-73.75346
12989,44.520103000000006,-74.069774
12992,44.817751,-73.516729
12993,44.211345,-73.476221
12996,44.355266,-73.44805500000001
12997,44.372797999999996,-73.892043
12998,44.0778,-73.576545
13020,42.816424,-76.074504
13021,42.922278999999996,-76.558539
13024,42.934596,-76.574232
13026,42.744043,-76.652266
13027,43.166437,-76.364345
13028,43.305215999999994,-75.94529399999999
13029,43.225941999999996,-76.15134300000001
13030,43.152233,-75.962695
13031,43.045015,-76.30954100000001
13032,43.081617,-75.766018
13033,43.188494,-76.562626
13034,42.95678,-76.707909
13035,42.940849,-75.83010300000001
13036,43.309256,-76.166775
13037,43.067797,-75.854933
13039,43.172142,-76.056249
13040,42.559649,-75.930761
13041,43.192089,-76.192302
13042,43.26045,-75.85258
13044,43.291249,-75.996241
13045,42.573848999999996,-76.202145
13051,42.876725,-75.90863900000001
13052,42.712309999999995,-75.86519399999999
13053,42.479575,-76.26791800000001
13054,43.169352,-75.666823
13057,43.101955,-76.03791899999999
13060,43.022861999999996,-76.411872
13061,42.871851,-75.76208199999999
13062,42.484095,-76.384376
13063,42.847849,-75.977961
13064,43.328996000000004,-76.711915
13066,43.032475,-76.000667
13068,42.492430999999996,-76.359199
13069,43.329276,-76.380655
13071,42.675114,-76.542579
13072,42.762209999999996,-75.763989
13073,42.58367,-76.387923
13074,43.310916999999996,-76.54984300000001
13076,43.353715,-76.149309
13077,42.727973,-76.211042
13078,42.958399,-76.06110100000001
13080,43.09321,-76.485258
13081,42.673617,-76.627152
13082,43.10273,-75.959888
13083,43.645775,-75.98168000000001
13084,42.880541,-76.12447399999999
13087,42.708597,-76.15405
13088,43.112421000000005,-76.18945699999999
13090,43.153084,-76.212402
13092,42.654563,-76.41929499999999
13101,42.589192,-76.056073
13102,42.550304,-76.292002
13103,43.325759999999995,-76.109544
13104,42.963029999999996,-75.94843900000001
13108,42.964845000000004,-76.331113
13110,42.895398,-76.280364
13111,43.258488,-76.614264
13112,43.106266,-76.417239
13113,43.16265,-76.538623
13114,43.465706,-76.244786
13115,43.398646,-76.478779
13116,43.074797,-76.007947
13117,43.009299,-76.70750799999999
13118,42.755584999999996,-76.38727800000001
13120,42.933187,-76.175145
13122,42.837754,-75.86152
13123,43.233564,-75.769068
13124,42.661074,-75.823604
13126,43.438798,-76.457454
13131,43.423243,-76.091802
13132,43.271918,-76.251052
13134,42.967368,-75.684678
13135,43.253687,-76.314375
13136,42.614098,-75.844788
13138,42.899087,-76.014634
13140,43.060381,-76.650274
13141,42.752495,-76.18569699999999
13142,43.554899,-76.137872
13143,43.235788,-76.714793
13144,43.568746999999995,-75.977023
13145,43.646741999999996,-76.116311
13146,43.085645,-76.750191
13147,42.775406,-76.569608
13148,42.913371999999995,-76.78526
13152,42.890839,-76.37262
13153,42.996557,-76.453627
13155,42.674546,-75.776726
13156,43.325990000000004,-76.66130600000001
13157,43.206652000000005,-75.72143100000001
13158,42.696934999999996,-75.951068
13159,42.802964,-76.111618
13160,42.827597999999995,-76.648904
13162,43.185045,-75.714741
13163,43.080092,-75.710999
13164,43.096891,-76.312578
13165,42.916639,-76.883297
13166,43.078934999999994,-76.56537900000001
13167,43.326421,-76.06026
13202,43.043782,-76.150638
13203,43.061111,-76.134924
13204,43.050816999999995,-76.17747299999999
13205,43.005276,-76.14203
13206,43.073465,-76.105806
13207,43.012813,-76.163317
13208,43.078768,-76.14523
13209,43.068502,-76.224251
13210,43.031057000000004,-76.127249
13211,43.103572,-76.119484
13212,43.129697,-76.130154
13214,43.038709000000004,-76.075591
13215,42.980793,-76.223386
13219,43.041266,-76.224195
13224,43.037162,-76.1029
13301,43.41605,-75.218175
13302,43.498115000000006,-75.965068
13303,43.367414000000004,-75.468212
13304,43.24388,-75.160287
13305,43.892289,-75.421171
13308,43.251265999999994,-75.657668
13309,43.452005,-75.35544300000001
13310,42.88962,-75.571545
13312,43.691839,-75.204374
13313,42.880221,-75.272902
13314,42.816533,-75.31910400000001
13315,42.744144,-75.14361099999999
13316,43.418917,-75.73974
13317,42.854101,-74.590839
13318,42.921535999999996,-75.260063
13319,43.026436,-75.266925
13320,42.777805,-74.740798
13321,43.087796000000004,-75.370637
13322,42.954345,-75.201657
13323,43.039981,-75.37935300000001
13324,43.320640999999995,-74.961602
13325,43.576282,-75.527857
13326,42.722511,-74.895371
13327,43.972929,-75.262309
13328,42.985096,-75.429027
13329,43.107462,-74.708431
13331,43.866299,-74.880901
13332,42.764159,-75.58173599999999
13333,42.836995,-74.81864399999999
13334,42.827039,-75.65642700000001
13335,42.702259999999995,-75.248224
13337,42.757804,-74.999545
13338,43.528032,-74.987121
13339,42.936895,-74.658658
13340,43.061642,-75.12857
13341,43.036086,-75.396891
13342,42.654143,-75.195234
13343,43.751239,-75.3115
13345,43.687108,-75.32125400000001
13346,42.818442,-75.544331
13348,42.709982000000004,-75.066926
13350,43.061009000000006,-75.000439
13352,43.313337,-75.116208
13353,43.447278999999995,-74.694629
13354,43.265093,-75.268497
13355,42.809841,-75.43043399999999
13357,42.971061,-75.081209
13360,43.721790000000006,-74.714836
13361,42.904352,-74.86756
13362,42.982178000000005,-75.522003
13363,43.324528,-75.513109
13364,42.804977,-75.261071
13365,43.125689,-74.853291
13367,43.757731,-75.532709
13368,43.638483,-75.286787
13402,42.892429,-75.500629
13403,43.164533,-75.267645
13404,43.736385,-75.471758
13406,43.134514,-74.92488900000001
13407,42.968801,-74.950576
13408,42.922948999999996,-75.676749
13409,42.976475,-75.595112
13410,42.931043,-74.61259100000001
13411,42.633789,-75.306457
13413,43.060413,-75.279398
13415,42.596494,-75.19847299999999
13416,43.187371,-74.970659
13417,43.100974,-75.293788
13418,42.845704,-75.38046
13420,43.717768,-74.984147
13421,43.061915,-75.660092
13424,43.152367,-75.365215
13425,42.964793,-75.48706
13428,42.915085999999995,-74.546249
13431,43.209082,-75.073328
13433,43.594910999999996,-75.248869
13435,43.304981,-75.150772
13436,43.811023,-74.666226
13437,43.580307,-75.803859
13438,43.354138,-75.15961300000001
13439,42.857316,-74.995275
13440,43.215771000000004,-75.461779
13441,43.226377,-75.408248
13450,42.701927000000005,-74.81029699999999
13452,43.043056,-74.63046999999999
13454,43.219834000000006,-74.757687
13456,43.000029,-75.255495
13459,42.775008,-74.588678
13460,42.687707,-75.44229
13461,43.070467,-75.599126
13464,42.687973,-75.615788
13468,42.84803,-74.851887
13469,43.214828000000004,-75.302367
13470,43.209569,-74.609995
13471,43.357597,-75.57739699999999
13472,43.697410999999995,-75.067862
13473,43.646449,-75.443434
13475,42.893741,-74.830529
13476,43.087503000000005,-75.509514
13477,43.032894,-75.512948
13478,43.144012,-75.581897
13480,42.917854,-75.363169
13483,43.397335,-75.826061
13484,42.866325,-75.65919
13485,42.787528,-75.315224
13486,43.345147,-75.344599
13488,42.688638,-74.750589
13489,43.460774,-75.552463
13490,43.110079999999996,-75.426511
13491,42.864135,-75.168133
13492,43.114604,-75.33768
13493,43.432843,-75.897509
13494,43.532529,-75.141288
13495,43.110890000000005,-75.277497
13501,43.081283,-75.225833
13502,43.141264,-75.154707
13601,43.968892,-75.906501
13602,44.065388,-75.784305
13603,44.035973999999996,-75.793813
13605,43.80741,-76.050358
13606,43.872576,-76.014735
13607,44.298548,-75.936006
13608,44.260940000000005,-75.613698
13612,43.985237,-75.76937
13613,44.870613,-74.750443
13614,44.530889,-75.69117
13615,44.047775,-75.98405699999999
13616,44.030078,-75.857573
13617,44.580531,-75.142767
13618,44.114765999999996,-76.290981
13619,43.978952,-75.600977
13620,43.908782,-75.448325
13621,44.834246,-75.080093
13622,44.100667,-76.106996
13623,44.449785999999996,-75.752462
13624,44.20948,-76.093055
13625,44.538101,-74.928377
13626,43.830086,-75.734774
13628,44.030542,-75.68239399999999
13630,44.498619,-75.311532
13633,44.49743,-75.455993
13634,44.01129,-76.073698
13635,44.286952,-75.281419
13636,43.743443,-76.11655
13637,44.106202,-75.818322
13638,44.019071999999994,-75.741692
13639,44.263676000000004,-75.150529
13640,44.303561,-76.028103
13641,44.273801,-76.003351
13642,44.335388,-75.45587900000001
13643,44.031812,-75.71709399999999
13646,44.446082000000004,-75.674198
13647,44.605875,-74.98058
13648,44.150217,-75.318
13650,43.81131,-76.21609699999999
13651,43.866158,-76.17696600000001
13652,44.432660999999996,-75.186773
13654,44.577138,-75.436852
13655,44.981859,-74.65015
13656,44.192383,-75.955933
13658,44.747782,-75.271203
13659,43.738005,-75.86338
13660,44.773868,-75.160958
13661,43.70962,-76.098396
13662,44.932334000000004,-74.883932
13664,44.584013,-75.64546
13665,44.04846,-75.434366
13666,44.218485,-74.926076
13667,44.837267,-74.96009699999999
13668,44.75482,-74.986306
13669,44.672777,-75.482342
13670,44.167379,-75.11673499999999
13672,44.470543,-74.660706
13673,44.164347,-75.718028
13674,43.738561,-76.04818
13675,44.281718,-75.84628599999999
13676,44.654959999999996,-74.926222
13677,44.512429,-75.179673
13678,44.813765999999994,-74.992918
13679,44.319891,-75.770605
13680,44.595988,-75.323398
13681,44.428053999999996,-75.37315100000001
13682,43.843312,-75.901905
13684,44.356596,-75.013141
13685,43.925469,-76.085527
13687,44.439018,-74.838177
13690,44.097456,-75.007653
13691,44.231562,-75.770537
13692,44.288793,-76.026292
13693,43.985746999999996,-76.246105
13694,44.868927,-75.134242
13695,44.102928999999996,-74.922258
13696,44.694741,-74.888048
13697,44.754714,-74.810347
13730,42.223737,-75.532187
13731,42.12965,-74.78782199999999
13732,42.049447,-76.167535
13733,42.301697,-75.478883
13734,42.069955,-76.409653
13736,42.324084,-76.202038
13739,42.349123999999996,-74.789149
13740,42.273812,-74.756997
13743,42.211894,-76.338222
13744,42.243494,-75.907999
13746,42.268926,-75.88466700000001
13748,42.042578999999996,-75.822521
13750,42.471013,-74.857905
13751,42.454448,-74.901809
13752,42.190557,-74.897015
13753,42.30696,-74.92691500000001
13754,42.088460999999995,-75.447935
13755,42.055240999999995,-74.96692
13756,42.004099,-75.10067
13757,42.410607,-74.89122900000001
13760,42.133332,-76.084622
13774,41.960128999999995,-75.149396
13775,42.327909000000005,-75.134022
13776,42.470423,-75.331951
13777,42.258165999999996,-75.989587
13778,42.359214,-75.759499
13780,42.422484999999995,-75.47658299999999
13782,42.169629,-74.991301
13783,41.993662,-75.266006
13784,42.426878,-76.221343
13786,42.440979999999996,-74.69394100000001
13787,42.212627000000005,-75.671949
13788,42.339013,-74.666282
13790,42.165361,-76.001942
13794,42.393238000000004,-76.01371999999999
13795,42.056638,-75.778938
13796,42.557188000000004,-75.13213
13797,42.333665,-76.040401
13801,42.505085,-75.77696999999999
13802,42.242134,-76.04126600000001
13803,42.456883000000005,-76.06712399999999
13804,42.225702000000005,-75.38422
13806,42.379101,-74.957234
13807,42.60747,-74.988238
13808,42.525233,-75.2622
13809,42.403814000000004,-75.39554100000001
13810,42.606817,-75.108363
13811,42.234926,-76.16405400000001
13812,42.03006,-76.354752
13813,42.163707,-75.551328
13815,42.547866,-75.530855
13820,42.483456,-75.036874
13825,42.435577,-75.204553
13826,42.09982,-75.638796
13827,42.117827,-76.249166
13830,42.437694,-75.62735699999999
13832,42.65813,-75.672216
13833,42.198205,-75.768632
13834,42.530981,-74.96589499999999
13835,42.383214,-76.178996
13838,42.285099,-75.388127
13839,42.262039,-75.252051
13841,42.40699,-75.842161
13842,42.3767,-74.723609
13843,42.503033,-75.382469
13844,42.608179,-75.668317
13845,42.053430999999996,-76.354924
13846,42.363723,-75.054746
13847,42.186107,-75.291002
13849,42.350096,-75.30931700000001
13850,42.049395000000004,-76.01759399999999
13856,42.171040999999995,-75.183316
13859,42.372464,-75.245243
13860,42.453131,-74.93297199999999
13861,42.50854,-75.151092
13862,42.330958,-75.93100799999999
13863,42.455495,-75.898915
13864,42.27176,-76.38855699999999
13865,42.032061,-75.615617
13901,42.183203000000006,-75.876048
13902,42.088824,-75.96888299999999
13903,42.04187,-75.889077
13904,42.134122999999995,-75.820206
13905,42.170435999999995,-75.943434
14001,43.036573,-78.51083100000001
14004,42.891371,-78.503687
14005,42.920586,-78.250065
14006,42.63313,-79.021745
14008,43.312726,-78.623166
14009,42.593154,-78.39746099999999
14011,42.830674,-78.299709
14012,43.332173,-78.532622
14013,43.086290000000005,-78.397746
14020,42.996190000000006,-78.213412
14024,42.581363,-78.245468
14025,42.622205,-78.727034
14026,42.942356,-78.687965
14028,43.31804,-78.717617
14030,42.564386,-78.50762399999999
14031,42.983128,-78.61425799999999
14032,43.046729,-78.630773
14033,42.654382,-78.69212399999999
14034,42.500569,-78.865375
14035,42.490778000000006,-78.848389
14036,42.973851,-78.389527
14037,42.802789000000004,-78.453328
14039,42.85148,-78.173096
14040,42.890873,-78.376631
14041,42.398835,-78.971581
14042,42.475564,-78.488807
14043,42.901971,-78.703418
14047,42.687367,-78.986636
14048,42.484359000000005,-79.31700500000001
14051,43.042842,-78.699413
14052,42.772531,-78.584321
14054,42.919587,-78.126802
14055,42.562878999999995,-78.600126
14057,42.646574,-78.874782
14058,43.102049,-78.16885699999999
14059,42.833552000000005,-78.634046
14060,42.450155,-78.296467
14061,42.593878000000004,-79.079302
14062,42.438404,-79.143107
14063,42.40869,-79.331304
14065,42.484905,-78.312811
14066,42.629054,-78.185536
14067,43.213204,-78.568403
14068,43.027386,-78.75666600000001
14069,42.615234,-78.642935
14070,42.419658,-78.917725
14072,43.017901,-78.962657
14075,42.712657,-78.83470799999999
14080,42.648324,-78.54830799999999
14081,42.563203,-79.06783399999999
14082,42.656563,-78.385184
14085,42.717882,-78.92162900000001
14086,42.909063,-78.62925600000001
14091,42.538233,-78.893008
14092,43.17322,-78.993074
14094,43.157758,-78.701995
14098,43.334373,-78.380616
14101,42.392651,-78.538203
14102,42.837026,-78.557725
14103,43.211161,-78.37677
14105,43.199166,-78.483903
14108,43.263343,-78.72695
14109,43.137952,-79.034134
14111,42.580255,-78.904691
14112,42.697963,-78.939953
14113,42.671576,-78.339931
14120,43.079316999999996,-78.84265400000001
14125,43.084919,-78.274609
14126,43.335882,-78.728636
14127,42.752803,-78.73969699999999
14129,42.481182000000004,-79.01738399999999
14130,42.555981,-78.14765200000001
14131,43.238603000000005,-78.899823
14132,43.14933,-78.877732
14134,42.527685999999996,-78.523981
14135,42.487694,-79.2409
14136,42.517379,-79.174812
14138,42.379512,-79.03665600000001
14139,42.718405,-78.541402
14141,42.524967,-78.712076
14143,42.972268,-78.064247
14145,42.729606,-78.43432800000001
14150,42.998084000000006,-78.87825600000001
14167,42.748523,-78.32295400000001
14168,42.520385,-78.99054100000001
14169,42.766144,-78.523698
14170,42.700245,-78.674307
14171,42.424673999999996,-78.64983199999999
14172,43.272672,-78.812943
14173,42.525971000000006,-78.473102
14174,43.249139,-78.998325
14201,42.89606,-78.886424
14202,42.881489,-78.877477
14203,42.868914000000004,-78.869693
14204,42.882138,-78.861325
14206,42.880078000000005,-78.810469
14207,42.951932,-78.898883
14208,42.915890000000005,-78.853098
14209,42.913959999999996,-78.866027
14210,42.862657,-78.82876800000001
14211,42.906731,-78.819891
14212,42.894211,-78.820173
14213,42.918096999999996,-78.89240600000001
14214,42.939640000000004,-78.840689
14215,42.935288,-78.810645
14216,42.949615,-78.86111899999999
14217,42.971876,-78.876869
14218,42.819371999999994,-78.830952
14219,42.788675,-78.826431
14220,42.845738,-78.822076
14221,42.984481,-78.722761
14222,42.919826,-78.876923
14223,42.973452,-78.84620100000001
14224,42.837759000000005,-78.747821
14225,42.928948999999996,-78.75027299999999
14226,42.971014000000004,-78.79645500000001
14227,42.886872,-78.73083199999999
14228,43.044371000000005,-78.777335
14261,43.007692999999996,-78.791436
14301,43.095821,-79.040408
14302,43.093896,-79.049193
14303,43.084975,-79.038402
14304,43.099407,-78.951983
14305,43.122831,-79.023218
14411,43.235972,-78.216477
14414,42.890961,-77.74375699999999
14415,42.755495,-77.017084
14416,43.082693,-77.980115
14418,42.60443,-77.21642800000001
14420,43.211739,-77.934564
14422,43.084761,-78.066965
14423,42.933948,-77.82110300000001
14424,42.856695,-77.30327700000001
14425,42.991514,-77.33802
14427,42.621589,-78.053905
14428,43.080517,-77.85356800000001
14432,42.957390999999994,-77.143523
14433,43.082126,-76.87759799999999
14435,42.712552,-77.663312
14437,42.570141,-77.73376400000001
14441,42.68461,-76.957603
14445,43.113062,-77.490306
14450,43.092487,-77.420461
14454,42.797774,-77.774638
14456,42.847695,-76.998972
14462,42.686534,-77.751115
14464,43.327049,-77.932163
14466,42.776517,-77.58104200000001
14467,43.036367,-77.612051
14468,43.293956,-77.802049
14469,42.877919,-77.471014
14470,43.205212,-78.05768499999999
14471,42.753761,-77.492189
14472,42.966819,-77.57513399999999
14475,42.937819,-77.498297
14476,43.329378999999996,-78.0428
14477,43.333129,-78.140393
14478,42.577822999999995,-77.126322
14479,43.236261999999996,-78.313775
14480,42.838482,-77.710342
14481,42.761795,-77.921452
14482,42.978904,-77.97153399999999
14485,42.882635,-77.601026
14486,42.89428,-77.921587
14487,42.811758000000005,-77.63600600000001
14489,43.088381,-76.99434699999999
14502,43.096594,-77.335388
14504,42.968981,-77.231501
14505,43.159419,-77.168961
14506,43.005511,-77.51665600000001
14507,42.684915999999994,-77.254886
14510,42.683009999999996,-77.86900899999999
14511,42.999373999999996,-77.89179
14512,42.645241,-77.39976999999999
14513,43.086308,-77.092116
14514,43.109913,-77.814986
14516,43.201328000000004,-76.919338
14517,42.592426,-77.895852
14519,43.233971999999994,-77.314631
14521,42.676642,-76.805003
14522,43.061423,-77.220399
14525,42.877513,-78.013345
14526,43.151464000000004,-77.444396
14527,42.665508,-77.06630899999999
14529,42.539976,-77.6381
14530,42.739909999999995,-77.998746
14532,42.964101,-77.032088
14533,42.838808,-77.888751
14534,43.05689,-77.52104200000001
14536,42.543975,-78.083671
14537,43.035808,-77.163201
14539,42.834499,-77.874751
14541,42.765059,-76.848967
14542,43.147329,-76.86012099999999
14543,42.983831,-77.678535
14544,42.756251,-77.243735
14545,42.664857,-77.70100699999999
14546,43.032675,-77.780006
14548,42.976071999999995,-77.24387
14549,42.700031,-78.017273
14550,42.679902,-78.093487
14551,43.218368,-77.049581
14555,43.260787,-76.97574
14559,43.18998,-77.819052
14560,42.683429,-77.565904
14561,42.820432000000004,-77.131778
14564,42.986699,-77.43436
14568,43.161845,-77.281657
14569,42.735221,-78.171092
14571,43.341652,-78.25174200000001
14572,42.564925,-77.562598
14580,43.217283,-77.44453399999999
14585,42.906261,-77.553145
14586,43.041675,-77.689904
14588,42.680987,-76.87080300000001
14589,43.249424,-77.174261
14590,43.242546999999995,-76.826243
14591,42.832085,-78.107386
14592,42.872237,-77.895893
14604,43.156212,-77.604741
14605,43.168428000000006,-77.602642
14606,43.171046999999994,-77.697953
14607,43.150776,-77.58643199999999
14608,43.154099,-77.62293000000001
14609,43.177093,-77.554873
14610,43.142359,-77.545372
14611,43.148315999999994,-77.646987
14612,43.266329999999996,-77.67670600000001
14613,43.182171000000004,-77.640175
14614,43.157441999999996,-77.61535500000001
14615,43.201207000000004,-77.654749
14616,43.234621999999995,-77.657663
14617,43.225497,-77.59352700000001
14618,43.114542,-77.554976
14619,43.136456,-77.649477
14620,43.128291,-77.605805
14621,43.189939,-77.603649
14622,43.215740999999994,-77.552402
14623,43.087348999999996,-77.641862
14624,43.1283,-77.731411
14625,43.150034999999995,-77.50551999999999
14626,43.216558,-77.710789
14627,43.128664,-77.629144
14701,42.08016,-79.25671
14706,42.113246000000004,-78.533146
14707,42.07734,-78.06052
14708,42.019219,-78.06361700000001
14709,42.356494,-77.98206400000001
14710,42.08777,-79.419847
14711,42.326732,-78.119419
14712,42.183745,-79.361923
14714,42.296728,-78.233633
14715,42.07653,-78.14475
14716,42.390637,-79.445044
14717,42.361647,-78.179701
14718,42.345814000000004,-79.287617
14719,42.341958,-78.87595300000001
14720,42.108592,-79.28117900000001
14721,42.013905,-78.266442
14722,42.209489000000005,-79.468361
14723,42.317698,-79.157224
14724,42.046328,-79.66983
14726,42.253585,-79.020279
14727,42.206882,-78.297294
14728,42.263333,-79.423176
14729,42.408377,-78.743584
14731,42.307351000000004,-78.655503
14732,42.231862,-79.116414
14733,42.160121999999994,-79.17219899999999
14735,42.452690000000004,-78.09616899999999
14736,42.140845,-79.74610799999999
14737,42.32905,-78.428611
14738,42.055006,-79.084541
14739,42.192603999999996,-78.146295
14740,42.223203000000005,-79.181435
14741,42.219966,-78.611624
14742,42.120123,-79.306839
14743,42.211871,-78.39600899999999
14744,42.4281,-78.206654
14747,42.153715000000005,-79.09451800000001
14748,42.157106,-78.643074
14750,42.079766,-79.32924399999999
14752,42.351728,-79.319857
14753,42.036032,-78.664372
14754,42.021908,-78.20156899999999
14755,42.233756,-78.80459599999999
14756,42.198039,-79.421274
14757,42.237679,-79.50470899999999
14760,42.077027,-78.418429
14767,42.057352,-79.514135
14769,42.367931,-79.472317
14770,42.037929,-78.300296
14772,42.15747,-78.952618
14774,42.088367,-78.14909300000001
14775,42.228753000000005,-79.699933
14777,42.38608,-78.273772
14778,42.077584,-78.483239
14779,42.081231,-78.777985
14781,42.161603,-79.601288
14782,42.265508000000004,-79.263865
14783,42.082144,-78.887354
14784,42.311143,-79.385369
14787,42.311240000000005,-79.565066
14788,42.061991,-78.38010799999999
14801,42.104056,-77.292968
14802,42.253375,-77.78929699999999
14803,42.273416,-77.745296
14804,42.317259,-77.847936
14805,42.352793,-76.713898
14806,42.171496999999995,-77.772561
14807,42.420997,-77.711347
14808,42.559639000000004,-77.46686
14809,42.424318,-77.448755
14810,42.349751,-77.343379
14812,42.300727,-77.00524899999999
14813,42.252646999999996,-77.995104
14814,42.155636,-76.9593
14815,42.374268,-77.08678
14816,42.197873,-76.73208299999999
14817,42.357625,-76.335167
14818,42.454933000000004,-76.818927
14819,42.224194,-77.441939
14820,42.19328,-77.3599
14821,42.241574,-77.219254
14822,42.424481,-77.851457
14823,42.248614,-77.554873
14824,42.259793,-76.69953100000001
14825,42.056296,-76.618187
14826,42.491462,-77.497792
14827,42.180651,-77.14288499999999
14830,42.128122999999995,-77.031977
14836,42.53301,-77.86974599999999
14837,42.490666999999995,-77.026107
14838,42.188126000000004,-76.662349
14839,42.119444,-77.640967
14840,42.441653,-77.194396
14841,42.525338,-76.840915
14842,42.60062,-76.981464
14843,42.320079,-77.646339
14845,42.215841,-76.8341
14846,42.532090000000004,-78.001564
14847,42.6085,-76.734217
14850,42.432165000000005,-76.49704200000001
14853,42.449002,-76.477551
14854,42.505802,-76.614769
14855,42.1457,-77.497396
14856,42.376717,-77.366506
14858,42.029790000000006,-77.134956
14859,42.114838,-76.538139
14860,42.59192,-76.831428
14861,42.088212,-76.686236
14864,42.275415,-76.840921
14865,42.34818,-76.833969
14867,42.34315,-76.618094
14869,42.362320000000004,-76.76896500000001
14870,42.160371999999995,-77.127611
14871,42.039595,-76.911364
14872,42.243653,-76.874902
14873,42.522912,-77.29835899999999
14874,42.530177,-77.175488
14877,42.057790000000004,-77.680307
14878,42.450262,-76.943405
14879,42.321946000000004,-77.187158
14880,42.177508,-77.970614
14881,42.399901,-76.358994
14882,42.579578000000005,-76.553706
14883,42.237435999999995,-76.475779
14884,42.479521999999996,-77.893852
14885,42.046486,-77.570328
14886,42.505752,-76.684984
14889,42.234190999999996,-76.579111
14891,42.377014,-76.946182
14892,42.046025,-76.529114
14893,42.467714,-77.107721
14894,42.019065000000005,-76.77709200000001
14895,42.08144,-77.940922
14897,42.020695,-77.792636
14898,42.053364,-77.4295
14901,42.087649,-76.746938
14903,42.131632,-76.871851
14904,42.070383,-76.80065
14905,42.087725,-76.84328199999999
